sampling,feature_selection,normalization,dim_red,classification,precision_score,recall_score,f1_score
no_sampling,var_threshold,no_norm,no_dim_reduction,k_neighbours,0.199312086381052,0.333333333333333,0.249461873389026
no_sampling,var_threshold,no_norm,pca,k_neighbours,0.232877086826566,0.334920634920635,0.274729322753947
no_sampling,var_threshold,no_norm,umap,k_neighbours,0.199312086381052,0.333333333333333,0.249461873389026
no_sampling,var_threshold,min_max_norm,no_dim_reduction,k_neighbours,0.232877086826566,0.334920634920635,0.274729322753947
no_sampling,var_threshold,min_max_norm,pca,k_neighbours,0.232877086826566,0.334920634920635,0.274729322753947
no_sampling,var_threshold,min_max_norm,umap,k_neighbours,0.199312086381052,0.333333333333333,0.249461873389026
no_sampling,var_threshold,robust_scaler,no_dim_reduction,k_neighbours,0.199312086381052,0.333333333333333,0.249461873389026
no_sampling,var_threshold,robust_scaler,pca,k_neighbours,0.199312086381052,0.333333333333333,0.249461873389026
no_sampling,var_threshold,robust_scaler,umap,k_neighbours,0.199312086381052,0.333333333333333,0.249461873389026
no_sampling,var_threshold,standard_scaler,no_dim_reduction,k_neighbours,0.199312086381052,0.333333333333333,0.249461873389026
no_sampling,var_threshold,standard_scaler,pca,k_neighbours,0.199312086381052,0.333333333333333,0.249461873389026
no_sampling,var_threshold,standard_scaler,umap,k_neighbours,0.199312086381052,0.333333333333333,0.249461873389026
no_sampling,var_threshold,log2_transform,no_dim_reduction,k_neighbours,0.232720347014653,0.334279609279609,0.274404489128743
no_sampling,var_threshold,log2_transform,pca,k_neighbours,0.232720347014653,0.334279609279609,0.274404489128743
no_sampling,var_threshold,log2_transform,umap,k_neighbours,0.199312086381052,0.333333333333333,0.249461873389026
no_sampling,select_univariate,no_norm,no_dim_reduction,k_neighbours,0.199312086381052,0.333333333333333,0.249461873389026
no_sampling,select_univariate,no_norm,pca,k_neighbours,0.283034093470199,0.337606837606838,0.307921184204112
no_sampling,select_univariate,no_norm,umap,k_neighbours,0.199312086381052,0.333333333333333,0.249461873389026
no_sampling,select_univariate,min_max_norm,no_dim_reduction,k_neighbours,0.199312086381052,0.333333333333333,0.249461873389026
no_sampling,select_univariate,min_max_norm,pca,k_neighbours,0.199312086381052,0.333333333333333,0.249461873389026
no_sampling,select_univariate,min_max_norm,umap,k_neighbours,0.199543753493232,0.333333333333333,0.249643252232357
no_sampling,select_univariate,robust_scaler,no_dim_reduction,k_neighbours,0.199312086381052,0.333333333333333,0.249461873389026
no_sampling,select_univariate,robust_scaler,pca,k_neighbours,0.199312086381052,0.333333333333333,0.249461873389026
no_sampling,select_univariate,robust_scaler,umap,k_neighbours,0.199312086381052,0.333333333333333,0.249461873389026
no_sampling,select_univariate,standard_scaler,no_dim_reduction,k_neighbours,0.199312086381052,0.333333333333333,0.249461873389026
no_sampling,select_univariate,standard_scaler,pca,k_neighbours,0.199312086381052,0.333333333333333,0.249461873389026
no_sampling,select_univariate,standard_scaler,umap,k_neighbours,0.199312086381052,0.333333333333333,0.249461873389026
no_sampling,select_univariate,log2_transform,no_dim_reduction,k_neighbours,0.199312086381052,0.333333333333333,0.249461873389026
no_sampling,select_univariate,log2_transform,pca,k_neighbours,0.233103488777105,0.334920634920635,0.27488680570541
no_sampling,select_univariate,log2_transform,umap,k_neighbours,0.199312086381052,0.333333333333333,0.249461873389026
no_sampling,select_l1,no_norm,no_dim_reduction,k_neighbours,0.232721157039521,0.334279609279609,0.274405052223454
no_sampling,select_l1,no_norm,pca,k_neighbours,0.232877086826566,0.334920634920635,0.274729322753947
no_sampling,select_l1,no_norm,umap,k_neighbours,0.199312086381052,0.333333333333333,0.249461873389026
no_sampling,select_l1,min_max_norm,no_dim_reduction,k_neighbours,0.232877086826566,0.334920634920635,0.274729322753947
no_sampling,select_l1,min_max_norm,pca,k_neighbours,0.391054768949788,0.356012279125487,0.37271165932265
no_sampling,select_l1,min_max_norm,umap,k_neighbours,0.199312086381052,0.333333333333333,0.249461873389026
no_sampling,select_l1,robust_scaler,no_dim_reduction,k_neighbours,0.199312086381052,0.333333333333333,0.249461873389026
no_sampling,select_l1,robust_scaler,pca,k_neighbours,0.199312086381052,0.333333333333333,0.249461873389026
no_sampling,select_l1,robust_scaler,umap,k_neighbours,0.199312086381052,0.333333333333333,0.249461873389026
no_sampling,select_l1,standard_scaler,no_dim_reduction,k_neighbours,0.23310784266077,0.334920634920635,0.274889832993402
no_sampling,select_l1,standard_scaler,pca,k_neighbours,0.199312086381052,0.333333333333333,0.249461873389026
no_sampling,select_l1,standard_scaler,umap,k_neighbours,0.199312086381052,0.333333333333333,0.249461873389026
no_sampling,select_l1,log2_transform,no_dim_reduction,k_neighbours,0.199312086381052,0.333333333333333,0.249461873389026
no_sampling,select_l1,log2_transform,pca,k_neighbours,0.199312086381052,0.333333333333333,0.249461873389026
no_sampling,select_l1,log2_transform,umap,k_neighbours,0.199312086381052,0.333333333333333,0.249461873389026
oversampling,var_threshold,no_norm,no_dim_reduction,k_neighbours,0.736346765136368,0.694218674407354,0.714662413989471
oversampling,var_threshold,no_norm,pca,k_neighbours,0.702742949056048,0.686647314949202,0.694601900660786
oversampling,var_threshold,no_norm,umap,k_neighbours,0.595676782582604,0.606107885824867,0.60084706489813
oversampling,var_threshold,min_max_norm,no_dim_reduction,k_neighbours,0.692546312881013,0.65470488630866,0.673094156918856
oversampling,var_threshold,min_max_norm,pca,k_neighbours,0.77317575781271,0.735788582486696,0.754019004506378
oversampling,var_threshold,min_max_norm,umap,k_neighbours,0.579603580373726,0.588836477987421,0.584183550459335
oversampling,var_threshold,robust_scaler,no_dim_reduction,k_neighbours,0.747718037577396,0.664925012094823,0.703895333354069
oversampling,var_threshold,robust_scaler,pca,k_neighbours,0.414280690213132,0.4129656507015,0.413622125225182
oversampling,var_threshold,robust_scaler,umap,k_neighbours,0.575856916443609,0.574842767295597,0.575349394968249
oversampling,var_threshold,standard_scaler,no_dim_reduction,k_neighbours,0.685627236068875,0.650870827285922,0.66779710137364
oversampling,var_threshold,standard_scaler,pca,k_neighbours,0.762826274573877,0.738449443638123,0.750439950794002
oversampling,var_threshold,standard_scaler,umap,k_neighbours,0.626227065785593,0.634216255442671,0.630196341287867
oversampling,select_univariate,no_norm,no_dim_reduction,k_neighbours,0.589847849733198,0.58492985002419,0.587378555709361
oversampling,select_univariate,no_norm,pca,k_neighbours,0.46134637861719,0.452249637155298,0.456752719430627
oversampling,select_univariate,no_norm,umap,k_neighbours,0.50682928912084,0.506349782293179,0.506589422239013
oversampling,select_univariate,min_max_norm,no_dim_reduction,k_neighbours,0.6045262350009,0.594545234639574,0.599494194190368
oversampling,select_univariate,min_max_norm,pca,k_neighbours,0.4906050969724,0.489187227866473,0.489895136511828
oversampling,select_univariate,min_max_norm,umap,k_neighbours,0.542948858091177,0.543589743589744,0.543269111830046
oversampling,select_univariate,robust_scaler,no_dim_reduction,k_neighbours,0.598615842840152,0.595246734397678,0.596926534767042
oversampling,select_univariate,robust_scaler,pca,k_neighbours,0.417509601507067,0.414320270924045,0.415908822086991
oversampling,select_univariate,robust_scaler,umap,k_neighbours,0.512574525979795,0.510849056603774,0.511710336740307
oversampling,select_univariate,standard_scaler,no_dim_reduction,k_neighbours,0.621555110123883,0.61118771165941,0.616327815849346
oversampling,select_univariate,standard_scaler,pca,k_neighbours,0.530667431594429,0.528072085147557,0.529366577313201
oversampling,select_univariate,standard_scaler,umap,k_neighbours,0.537083778006323,0.538933236574746,0.53800691786539
oversampling,select_univariate,log2_transform,no_dim_reduction,k_neighbours,0.672943874142616,0.656603773584906,0.664673414191835
oversampling,select_univariate,log2_transform,pca,k_neighbours,0.602845782478762,0.590106434446057,0.596408087721094
oversampling,select_univariate,log2_transform,umap,k_neighbours,0.572443679893918,0.567743105950653,0.57008370354697
oversampling,select_l1,no_norm,no_dim_reduction,k_neighbours,0.739236971041523,0.699987905176585,0.719077257958708
oversampling,select_l1,no_norm,pca,k_neighbours,0.691940579931307,0.678991291727141,0.68540477886422
oversampling,select_l1,no_norm,umap,k_neighbours,0.607788908688974,0.620198355104015,0.613930929959403
oversampling,select_l1,min_max_norm,no_dim_reduction,k_neighbours,0.726154791560539,0.671323173681664,0.69766329255872
oversampling,select_l1,min_max_norm,pca,k_neighbours,0.72761360416131,0.693045476536043,0.709908976589308
oversampling,select_l1,min_max_norm,umap,k_neighbours,0.61766981616804,0.627044025157233,0.62232162106555
oversampling,select_l1,robust_scaler,no_dim_reduction,k_neighbours,0.704914095980859,0.664925012094823,0.684335862558814
oversampling,select_l1,robust_scaler,pca,k_neighbours,0.536097228303105,0.530817610062893,0.533444356111908
oversampling,select_l1,robust_scaler,umap,k_neighbours,0.560590593809327,0.561429608127721,0.56100978727318
oversampling,select_l1,standard_scaler,no_dim_reduction,k_neighbours,0.724992905433573,0.672629414610547,0.697830231508022
oversampling,select_l1,standard_scaler,pca,k_neighbours,0.752847386214927,0.716666666666667,0.734311625981896
oversampling,select_l1,standard_scaler,umap,k_neighbours,0.599990300279589,0.611768263183358,0.605822042437135
oversampling,select_l1,log2_transform,no_dim_reduction,k_neighbours,0.766008313485832,0.726318335752298,0.745635526521614
oversampling,select_l1,log2_transform,pca,k_neighbours,0.772378174998248,0.752418964683115,0.762267939323993
oversampling,select_l1,log2_transform,umap,k_neighbours,0.621841717230685,0.631059506531205,0.62641670352569
no_sampling,var_threshold,no_norm,no_dim_reduction,nn,0.199312086381052,0.333333333333333,0.249461873389026
no_sampling,var_threshold,no_norm,pca,nn,0.349328146606347,0.347965765890294,0.348645625330911
no_sampling,var_threshold,no_norm,umap,nn,0.199312086381052,0.333333333333333,0.249461873389026
no_sampling,var_threshold,min_max_norm,no_dim_reduction,nn,0.399650474681958,0.389081484553183,0.394295167505145
no_sampling,var_threshold,min_max_norm,pca,nn,0.384309744392574,0.381216969613196,0.382757109503182
no_sampling,var_threshold,min_max_norm,umap,nn,0.199312086381052,0.333333333333333,0.249461873389026
no_sampling,var_threshold,robust_scaler,no_dim_reduction,nn,0.348773383210086,0.350216554933536,0.349493479247345
no_sampling,var_threshold,robust_scaler,pca,nn,0.197886049154686,0.327576197387518,0.24672661042614
no_sampling,var_threshold,robust_scaler,umap,nn,0.199312086381052,0.333333333333333,0.249461873389026
no_sampling,var_threshold,standard_scaler,no_dim_reduction,nn,0.384402249875188,0.380404543046052,0.382392948292508
no_sampling,var_threshold,standard_scaler,pca,nn,0.331234140194639,0.32979945630889,0.33051524135824
no_sampling,var_threshold,standard_scaler,umap,nn,0.199312086381052,0.333333333333333,0.249461873389026
no_sampling,var_threshold,log2_transform,no_dim_reduction,nn,0.199312086381052,0.333333333333333,0.249461873389026
no_sampling,var_threshold,log2_transform,pca,nn,0.399764732478309,0.401344944363812,0.400553279914357
no_sampling,var_threshold,log2_transform,umap,nn,0.199312086381052,0.333333333333333,0.249461873389026
no_sampling,select_univariate,no_norm,no_dim_reduction,nn,0.275009944850759,0.335323219757182,0.302186495901264
no_sampling,select_univariate,no_norm,pca,nn,0.232317967161592,0.331715506715507,0.273258505976246
no_sampling,select_univariate,no_norm,umap,nn,0.199312086381052,0.333333333333333,0.249461873389026
no_sampling,select_univariate,min_max_norm,no_dim_reduction,nn,0.300007273546827,0.337759462759463,0.317766009948952
no_sampling,select_univariate,min_max_norm,pca,nn,0.199312086381052,0.333333333333333,0.249461873389026
no_sampling,select_univariate,min_max_norm,umap,nn,0.199312086381052,0.333333333333333,0.249461873yy389026
no_sampling,select_univariate,robust_scaler,no_dim_reduction,nn,0.272208448635463,0.331873315363881,0.299094346833512
no_sampling,select_univariate,robust_scaler,pca,nn,0.199312086381052,0.333333333333333,0.249461873389026
no_sampling,select_univariate,robust_scaler,umap,nn,0.199312086381052,0.333333333333333,0.249461873389026
no_sampling,select_univariate,standard_scaler,no_dim_reduction,nn,0.277710333850056,0.338064713064713,0.304929746012003
no_sampling,select_univariate,standard_scaler,pca,nn,0.300018370206822,0.340140415140415,0.318822065174177
no_sampling,select_univariate,standard_scaler,umap,nn,0.199312086381052,0.333333333333333,0.249461873389026
no_sampling,select_univariate,log2_transform,no_dim_reduction,nn,0.356440160650257,0.346410026032668,0.351353525031207
no_sampling,select_univariate,log2_transform,pca,nn,0.237386974325773,0.335207455018776,0.277941521748434
no_sampling,select_univariate,log2_transform,umap,nn,0.199312086381052,0.333333333333333,0.249461873389026
no_sampling,select_l1,no_norm,no_dim_reduction,nn,0.199312086381052,0.333333333333333,0.249461873389026
no_sampling,select_l1,no_norm,pca,nn,0.333557922821749,0.346207408943258,0.339764971222552
no_sampling,select_l1,no_norm,umap,nn,0.199312086381052,0.333333333333333,0.249461873389026
no_sampling,select_l1,min_max_norm,no_dim_reduction,nn,0.536322088442465,0.515449236298293,0.525678547027726
no_sampling,select_l1,min_max_norm,pca,nn,0.478149115596089,0.463318013223674,0.470616745887573
no_sampling,select_l1,min_max_norm,umap,nn,0.199312086381052,0.333333333333333,0.249461873389026
no_sampling,select_l1,robust_scaler,no_dim_reduction,nn,0.404678240692032,0.393762526781395,0.399145767800859
no_sampling,select_l1,robust_scaler,pca,nn,0.214479063980156,0.328711382956666,0.259583761583967
no_sampling,select_l1,robust_scaler,umap,nn,0.199312086381052,0.333333333333333,0.249461873389026
no_sampling,select_l1,standard_scaler,no_dim_reduction,nn,0.556470892028031,0.557719722625383,0.557094607456398
no_sampling,select_l1,standard_scaler,pca,nn,0.456466558225448,0.440485635957334,0.448333731713283
no_sampling,select_l1,standard_scaler,umap,nn,0.199312086381052,0.333333333333333,0.249461873389026
no_sampling,select_l1,log2_transform,no_dim_reduction,nn,0.326587431307672,0.372360448775543,0.347975137922153
no_sampling,select_l1,log2_transform,pca,nn,0.401797765026776,0.396882530467436,0.399325023090275
no_sampling,select_l1,log2_transform,umap,nn,0.199312086381052,0.333333333333333,0.249461873389026
oversampling,var_threshold,no_norm,no_dim_reduction,nn,0.671338944538494,0.585316884373488,0.625383673612642
oversampling,var_threshold,no_norm,pca,nn,0.522724623493073,0.523657474600871,0.523190633227937
oversampling,var_threshold,no_norm,umap,nn,0.323256844541145,0.358333333333333,0.339892523065599
oversampling,var_threshold,min_max_norm,no_dim_reduction,nn,0.886667502381139,0.878809869375907,0.882721199844028
oversampling,var_threshold,min_max_norm,pca,nn,0.881055626562855,0.873681664247702,0.87735315154175
oversampling,var_threshold,min_max_norm,umap,nn,0.42965915712452,0.405491049830673,0.41722540745567
oversampling,var_threshold,robust_scaler,no_dim_reduction,nn,0.839400345190721,0.832208514755684,0.835788959121664
oversampling,var_threshold,robust_scaler,pca,nn,0.314501852643079,0.336502177068215,0.32513027040191
oversampling,var_threshold,robust_scaler,umap,nn,0.425005578742571,0.419242864054185,0.422104553680384
oversampling,var_threshold,standard_scaler,no_dim_reduction,nn,0.874837320201188,0.863449443638123,0.869106079750844
oversampling,var_threshold,standard_scaler,pca,nn,0.856773718709702,0.843638122883406,0.850155184888496
oversampling,var_threshold,standard_scaler,umap,nn,0.473570744603087,0.473258345428157,0.473414493478737
oversampling,var_threshold,log2_transform,no_dim_reduction,nn,0.732134259906581,0.652552007740687,0.690056213310384
oversampling,var_threshold,log2_transform,pca,nn,0.857314097770583,0.843698597000484,0.850451855769512
oversampling,var_threshold,log2_transform,umap,nn,0.459979995878882,0.440118529269473,0.449830132198527
oversampling,select_univariate,no_norm,no_dim_reduction,nn,0.44601279059685,0.417900338655056,0.431499163339053
oversampling,select_univariate,no_norm,pca,nn,0.397823881967709,0.383744557329463,0.390657405813545
oversampling,select_univariate,no_norm,umap,nn,0.407254264535769,0.383684083212385,0.395117974915777
oversampling,select_univariate,min_max_norm,no_dim_reduction,nn,0.425081304200055,0.414925012094823,0.419941759639282
oversampling,select_univariate,min_max_norm,pca,nn,0.407656724614966,0.386332849540397,0.396708443488926
oversampling,select_univariate,min_max_norm,umap,nn,0.415364760542305,0.394025157232704,0.40441364906426
oversampling,select_univariate,robust_scaler,no_dim_reduction,nn,0.487121177921154,0.484857281083696,0.485986593009382
oversampling,select_univariate,robust_scaler,pca,nn,0.233792923480164,0.340348330914369,0.277182768794335
oversampling,select_univariate,robust_scaler,umap,nn,0.405961866840191,0.406156265118529,0.406059042712616
oversampling,select_univariate,standard_scaler,no_dim_reduction,nn,0.467710228990179,0.45888969521045,0.463257979679354
oversampling,select_univariate,standard_scaler,pca,nn,0.431071532728465,0.418359941944848,0.424620623990219
oversampling,select_univariate,standard_scaler,umap,nn,0.385165813113608,0.381023222060958,0.383083318614287
oversampling,select_univariate,log2_transform,no_dim_reduction,nn,0.550581363305407,0.52688679245283,0.538473544570135
oversampling,select_univariate,log2_transform,pca,nn,0.554988335677843,0.545440251572327,0.550172870714438
oversampling,select_univariate,log2_transform,umap,nn,0.461330269314971,0.439344460570876,0.450069024014677
oversampling,select_l1,no_norm,no_dim_reduction,nn,0.802173691911163,0.790142718916304,0.796112754550382
oversampling,select_l1,no_norm,pca,nn,0.502684509691693,0.498234155781326,0.500449439000579
oversampling,select_l1,no_norm,umap,nn,0.361148963018237,0.3653725205612,0.363248465182129
oversampling,select_l1,min_max_norm,no_dim_reduction,nn,0.896852639338564,0.891013546202225,0.893923557658391
oversampling,select_l1,min_max_norm,pca,nn,0.872979604256252,0.864283986453798,0.868610033036005
oversampling,select_l1,min_max_norm,umap,nn,0.443818804070959,0.422145621673924,0.432710996860992
oversampling,select_l1,robust_scaler,no_dim_reduction,nn,0.845518734015419,0.836780358006773,0.841126851112302
oversampling,select_l1,robust_scaler,pca,nn,0.293389619952345,0.353701015965167,0.320734688128008
oversampling,select_l1,robust_scaler,umap,nn,0.371718187446147,0.39329946782777,0.382204421810701
oversampling,select_l1,standard_scaler,no_dim_reduction,nn,0.895032522748811,0.889090469279149,0.892051600956409
oversampling,select_l1,standard_scaler,pca,nn,0.882220098449645,0.875072568940493,0.878631797932463
oversampling,select_l1,standard_scaler,umap,nn,0.438501038014133,0.431918238993711,0.435184746337533
oversampling,select_l1,log2_transform,no_dim_reduction,nn,0.71732832425467,0.683599419448476,0.700057841267719
oversampling,select_l1,log2_transform,pca,nn,0.84535450785424,0.833551040154814,0.839411282138026
oversampling,select_l1,log2_transform,umap,nn,0.47229876602093,0.465287856797291,0.468767098978736
undersampling,var_threshold,no_norm,no_dim_reduction,nn,0.142285714285714,0.333333333333333,0.199439327192631
undersampling,var_threshold,no_norm,pca,nn,0.356288455912271,0.344603174603175,0.350348406618978
undersampling,var_threshold,no_norm,umap,nn,0.142285714285714,0.333333333333333,0.199439327192631
undersampling,var_threshold,min_max_norm,no_dim_reduction,nn,0.396038264329028,0.402380952380952,0.399184415016151
undersampling,var_threshold,min_max_norm,pca,nn,0.395882508774385,0.394603174603175,0.395241806441744
undersampling,var_threshold,min_max_norm,umap,nn,0.280662432244543,0.344285714285714,0.309235466958218
undersampling,var_threshold,robust_scaler,no_dim_reduction,nn,0.412384609330834,0.406666666666667,0.40950567901128
undersampling,var_threshold,robust_scaler,pca,nn,0.261405815825937,0.328412698412698,0.291103067413835
undersampling,var_threshold,robust_scaler,umap,nn,0.294467124193742,0.358730158730159,0.323437469702828
undersampling,var_threshold,standard_scaler,no_dim_reduction,nn,0.393160333438466,0.387301587301587,0.390208970247649
undersampling,var_threshold,standard_scaler,pca,nn,0.398335561514758,0.390476190476191,0.394366722348887
undersampling,var_threshold,standard_scaler,umap,nn,0.142285714285714,0.333333333333333,0.199439327192631
undersampling,var_threshold,log2_transform,no_dim_reduction,nn,0.429463255568238,0.395238095238095,0.411640502200177
undersampling,var_threshold,log2_transform,pca,nn,0.431226392023442,0.428888888888889,0.430054464183737
undersampling,var_threshold,log2_transform,umap,nn,0.230882855766872,0.342380952380952,0.275788880869003
undersampling,select_univariate,no_norm,no_dim_reduction,nn,0.423923393857604,0.358412698412698,0.388425202451933
undersampling,select_univariate,no_norm,pca,nn,0.247974763764237,0.309365079365079,0.275288886729242
undersampling,select_univariate,no_norm,umap,nn,0.209460111889344,0.332539682539683,0.257025186460767
undersampling,select_univariate,min_max_norm,no_dim_reduction,nn,0.456632040796342,0.351269841269841,0.397080556562226
undersampling,select_univariate,min_max_norm,pca,nn,0.422911632958811,0.346666666666667,0.381012214517319
undersampling,select_univariate,min_max_norm,umap,nn,0.16965565393595,0.331746031746032,0.224501000151113
undersampling,select_univariate,robust_scaler,no_dim_reduction,nn,0.365219535405107,0.364761904761905,0.364990576637526
undersampling,select_univariate,robust_scaler,pca,nn,0.28426798378926,0.33968253968254,0.309514511332356
undersampling,select_univariate,robust_scaler,umap,nn,0.359874315943238,0.347619047619048,0.353640538310806
undersampling,select_univariate,standard_scaler,no_dim_reduction,nn,0.470976379402632,0.386190476190476,0.42439016639325
undersampling,select_univariate,standard_scaler,pca,nn,0.448702110870565,0.382222222222222,0.412802733299177
undersampling,select_univariate,standard_scaler,umap,nn,0.159445134575569,0.336507936507936,0.216369476672606
undersampling,select_univariate,log2_transform,no_dim_reduction,nn,0.431471244164368,0.409206349206349,0.42004395978748
undersampling,select_univariate,log2_transform,pca,nn,0.414522273983481,0.405396825396825,0.409908767965486
undersampling,select_univariate,log2_transform,umap,nn,0.439880505358447,0.410793650793651,0.424839798887328
undersampling,select_l1,no_norm,no_dim_reduction,nn,0.296097998619738,0.344444444444444,0.31844669073855
undersampling,select_l1,no_norm,pca,nn,0.376975659543166,0.36047619047619,0.368541348566155
undersampling,select_l1,no_norm,umap,nn,0.142285714285714,0.333333333333333,0.199439327192631
undersampling,select_l1,min_max_norm,no_dim_reduction,nn,0.531723173369458,0.516349206349206,0.523923431014374
undersampling,select_l1,min_max_norm,pca,nn,0.449175867232133,0.44,0.444540588348069
undersampling,select_l1,min_max_norm,umap,nn,0.142285714285714,0.333333333333333,0.199439327192631
undersampling,select_l1,robust_scaler,no_dim_reduction,nn,0.489321083715047,0.471269841269841,0.480125854730524
undersampling,select_l1,robust_scaler,pca,nn,0.299971209384715,0.33968253968254,0.318594184381868
undersampling,select_l1,robust_scaler,umap,nn,0.373038396906394,0.374285714285714,0.373661014681796
undersampling,select_l1,standard_scaler,no_dim_reduction,nn,0.576606544684483,0.563333333333333,0.569892663819677
undersampling,select_l1,standard_scaler,pca,nn,0.462796750732106,0.458095238095238,0.460433992886162
undersampling,select_l1,standard_scaler,umap,nn,0.142285714285714,0.333333333333333,0.199439327192631
undersampling,select_l1,log2_transform,no_dim_reduction,nn,0.431002761723137,0.421587301587302,0.426243042491033
undersampling,select_l1,log2_transform,pca,nn,0.435713924906649,0.435873015873016,0.435793455870377
undersampling,select_l1,log2_transform,umap,nn,0.187030558464431,0.333333333333333,0.239615086560899
no_sampling,var_threshold,no_norm,no_dim_reduction,tree,0.278504130423357,0.321006404496971,0.298248668996745
no_sampling,var_threshold,no_norm,pca,tree,0.275438919236194,0.335646209136775,0.302576596280488
no_sampling,var_threshold,no_norm,umap,tree,0.273865383771678,0.334718363397609,0.301249494333983
no_sampling,var_threshold,min_max_norm,no_dim_reduction,tree,0.278504130423357,0.321006404496971,0.298248668996745
no_sampling,var_threshold,min_max_norm,pca,tree,0.285705534097351,0.336402538761029,0.308988329204029
no_sampling,var_threshold,min_max_norm,umap,tree,0.267635137691432,0.331214435459718,0.296049709355901
no_sampling,var_threshold,robust_scaler,no_dim_reduction,tree,0.278504130423357,0.321006404496971,0.298248668996745
no_sampling,var_threshold,robust_scaler,pca,tree,0.241661029270495,0.324888842813371,0.277161732872679
no_sampling,var_threshold,robust_scaler,umap,tree,0.243359574893305,0.331385490819453,0.280631664307096
no_sampling,var_threshold,standard_scaler,no_dim_reduction,tree,0.278504130423357,0.321006404496971,0.298248668996745
no_sampling,var_threshold,standard_scaler,pca,tree,0.329094666356981,0.340633999124565,0.334764922182749
no_sampling,var_threshold,standard_scaler,umap,tree,0.214146199161413,0.325688828990716,0.258393847010752
no_sampling,var_threshold,log2_transform,no_dim_reduction,tree,0.278504130423357,0.321006404496971,0.298248668996745
no_sampling,var_threshold,log2_transform,pca,tree,0.252178404572073,0.317515032137674,0.281100076190361
no_sampling,var_threshold,log2_sztransform,umap,tree,0.268455964457454,0.332789642223605,0.297180930294865
no_sampling,select_univariate,no_norm,no_dim_reduction,tree,0.25587768983465,0.332746676803281,0.289292988147575
no_sampling,select_univariate,no_norm,pca,tree,0.278313580579764,0.330097104153708,0.302001622592396
no_sampling,select_univariate,no_norm,umap,tree,0.266363992195989,0.331391826203147,0.295340830123544
no_sampling,select_univariate,min_max_norm,no_dim_reduction,tree,0.323797638303493,0.342258391503675,0.332772181014641
no_sampling,select_univariate,min_max_norm,pca,tree,0.273896027660645,0.329596608841892,0.299175818997202
no_sampling,select_univariate,min_max_norm,umap,tree,0.279670632038996,0.327667772479093,0.301772627406138
no_sampling,select_univariate,robust_scaler,no_dim_reduction,tree,0.25587768983465,0.332746676803281,0.289292988147575
no_sampling,select_univariate,robust_scaler,pca,tree,0.233033867139721,0.329804524615845,0.273100147030429
no_sampling,select_univariate,robust_scaler,umap,tree,0.248989967829421,0.332465961711245,0.284735901399285
no_sampling,select_univariate,standard_scaler,no_dim_reduction,tree,0.272947873804961,0.336226530283134,0.301300632271244
no_sampling,select_univariate,standard_scaler,pca,tree,0.307961062644772,0.338289907157832,0.322413811842012
no_sampling,select_univariate,standard_scaler,umap,tree,0.244235895805395,0.333241758241758,0.28187964944976
no_sampling,select_univariate,log2_transform,no_dim_reduction,tree,0.255539343969988,0.332746676803281,0.289076620881581
no_sampling,select_univariate,log2_transform,pca,tree,0.387160445128778,0.350591724837008,0.367969770262165
no_sampling,select_univariate,log2_transform,umap,tree,0.308896006397599,0.336067569746815,0.321909434933093
no_sampling,select_l1,no_norm,no_dim_reduction,tree,0.348328051356425,0.351024028382519,0.349670843422406
no_sampling,select_l1,no_norm,pca,tree,0.278089587704496,0.326316723109176,0.300279071766635
no_sampling,select_l1,no_norm,umap,tree,0.393921461687396,0.338662773285415,0.364208041350082
no_sampling,select_l1,min_max_norm,no_dim_reduction,tree,0.338757154417107,0.348826226184717,0.343717963819788
no_sampling,select_l1,min_max_norm,pca,tree,0.351756279347094,0.368397954247011,0.359884834831221
no_sampling,select_l1,min_max_norm,umap,tree,0.353616804825332,0.345647015458336,0.349586492703729
no_sampling,select_l1,robust_scaler,no_dim_reduction,tree,0.348328051356425,0.351024028382519,0.349670843422406
no_sampling,select_l1,robust_scaler,pca,tree,0.215238822521388,0.321459096459096,0.25783769589448
no_sampling,select_l1,robust_scaler,umap,tree,0.417868488690242,0.346153270209874,0.378645090124182
no_sampling,select_l1,standard_scaler,no_dim_reduction,tree,0.348328051356425,0.351024028382519,0.349670843422406
no_sampling,select_l1,standard_scaler,pca,tree,0.415411724752232,0.369632202179372,0.391187156192539
no_sampling,select_l1,standard_scaler,umap,tree,0.243599496663596,0.32821088764485,0.279645173378558
no_sampling,select_l1,log2_transform,no_dim_reduction,tree,0.348328051356425,0.351024028382519,0.349670843422406
no_sampling,select_l1,log2_transform,pca,tree,0.311742191853936,0.338430437487041,0.324538565947434
no_sampling,select_l1,log2_transform,umap,tree,0.428752233234657,0.349223857903103,0.384923163270488
oversampling,var_threshold,no_norm,no_dim_reduction,tree,0.641433800156,0.638014029995162,0.639719344811879
oversampling,var_threshold,no_norm,pca,tree,0.631462031207523,0.634228350266086,0.632842167674749
oversampling,var_threshold,no_norm,umap,tree,0.616294178039931,0.615602322206096,0.615948055843504
oversampling,var_threshold,min_max_norm,no_dim_reduction,tree,0.634228374066147,0.630865989356555,0.632542713415838
oversampling,var_threshold,min_max_norm,pca,tree,0.638109781662893,0.636804547653604,0.637456496520877
oversampling,var_threshold,min_max_norm,umap,tree,0.586538564490543,0.587530237058539,0.587033981968386
oversampling,var_threshold,robust_scaler,no_dim_reduction,tree,0.641433800156,0.638014029995162,0.639719344811879
oversampling,var_threshold,robust_scaler,pca,tree,0.425339591553201,0.422532656023222,0.423931477518038
oversampling,var_threshold,robust_scaler,umap,tree,0.555577258714415,0.552987421383648,0.554279314850087
oversampling,var_threshold,standard_scaler,no_dim_reduction,tree,0.638053102556228,0.634820996613449,0.636432946072625
oversampling,var_threshold,standard_scaler,pca,tree,0.630921545519103,0.633575229801645,0.632245603137547
oversampling,var_threshold,standard_scaler,umap,tree,0.626101520922827,0.626439283986454,0.626270356913654
oversampling,var_threshold,log2_transform,no_dim_reduction,tree,0.64210250085377,0.638642960812772,0.640368058391458
oversampling,var_threshold,log2_transform,pca,tree,0.630418846307925,0.629136429608128,0.629776985111493
oversampling,var_threshold,log2_transform,umap,tree,0.590903560844553,0.592017416545718,0.591459964283722
oversampling,select_univariate,no_norm,no_dim_reduction,tree,0.601744119210506,0.598379293662313,0.600056989400291
oversampling,select_univariate,no_norm,pca,tree,0.50221444362774,0.50218916303822,0.502201803014827
oversampling,select_univariate,no_norm,umap,tree,0.498691887151582,0.495319303338171,0.496999873819561
oversampling,select_univariate,min_max_norm,no_dim_reduction,tree,0.592561178231851,0.588788098693759,0.590668613094407
oversampling,select_univariate,min_max_norm,pca,tree,0.537753757435142,0.537106918238994,0.537430143206752
oversampling,select_univariate,min_max_norm,umap,tree,0.535004850912754,0.534385582970489,0.534695037637238
oversampling,select_univariate,robust_scaler,no_dim_reduction,tree,0.601744119210506,0.598379293662313,0.600056989400291
oversampling,select_univariate,robust_scaler,pca,tree,0.405883662051656,0.401112723754233,0.403484090081273
oversampling,select_univariate,robust_scaler,umap,tree,0.475675262969945,0.475229801644896,0.475452427966935
oversampling,select_univariate,standard_scaler,no_dim_reduction,tree,0.599921733420518,0.597750362844702,0.598834079793283
oversampling,select_univariate,standard_scaler,pca,tree,0.559040635628156,0.555708756652153,0.557369716806868
oversampling,select_univariate,standard_scaler,umap,tree,0.507284082873911,0.505841799709724,0.506561914676685
oversampling,select_univariate,log2_transform,no_dim_reduction,tree,0.602921127303837,0.599661344944364,0.601286818056618
oversampling,select_univariate,log2_transform,pca,tree,0.551250343155952,0.54800435413643,0.549622556105963
oversampling,select_univariate,log2_transform,umap,tree,0.546267665631247,0.542791485244315,0.54452402760777
no_sampling,no_selection,no_norm,no_dim_reduction,bayesian,0.341184027127671,0.337479198580932,0.310497411852425
no_sampling,no_selection,no_norm,pca,bayesian,0.407351063030576,0.38339002291497,0.255945408353856
no_sampling,no_selection,no_norm,umap,bayesian,0.200610221205187,0.333333333333333,0.25047619047619
no_sampling,no_selection,min_max_norm,no_dim_reduction,bayesian,0.255555555555556,0.330140851806681,0.254148629148629
no_sampling,no_selection,min_max_norm,pca,bayesian,0.378959405995236,0.377800894373102,0.340547506021373
no_sampling,no_selection,min_max_norm,umap,bayesian,0.200610221205187,0.333333333333333,0.25047619047619
no_sampling,no_selection,robust_scaler,no_dim_reduction,bayesian,0.351221146761421,0.35889463755945,0.34697493086722
no_sampling,no_selection,robust_scaler,pca,bayesian,0.30257226199947,0.328849159292098,0.149166878872761
no_sampling,no_selection,robust_scaler,umap,bayesian,0.200610221205187,0.333333333333333,0.25047619047619
no_sampling,no_selection,standard_scaler,no_dim_reduction,bayesian,0.312206572769953,0.335162732859842,0.266060873772112
no_sampling,no_selection,standard_scaler,pca,bayesian,0.373414580162689,0.382582934888569,0.339977801495119
no_sampling,no_selection,standard_scaler,umap,bayesian,0.200610221205187,0.333333333333333,0.25047619047619
no_sampling,no_selection,log2_transform,no_dim_reduction,bayesian,0.283179012345679,0.331408278929622,0.254501853063004
no_sampling,no_selection,log2_transform,pca,bayesian,0.352844381338501,0.354965402474929,0.326200137377653
no_sampling,no_selection,log2_transform,umap,bayesian,0.314500941619586,0.344548867685391,0.289546351084813
no_sampling,var_threshold,no_norm,no_dim_reduction,bayesian,0.342063492063492,0.346124711452843,0.326910882265109
no_sampling,var_threshold,no_norm,pca,bayesian,0.407351063030576,0.38339002291497,0.255945408353856
no_sampling,var_threshold,no_norm,umap,bayesian,0.200610221205187,0.333333333333333,0.25047619047619
no_sampling,var_threshold,min_max_norm,no_dim_reduction,bayesian,0.341422816300009,0.341975329481818,0.339794646193059
no_sampling,var_threshold,min_max_norm,pca,bayesian,0.348954195734359,0.364588212787088,0.318662081990574
no_sampling,var_threshold,min_max_norm,umap,bayesian,0.200610221205187,0.333333333333333,0.25047619047619
no_sampling,var_threshold,robust_scaler,no_dim_reduction,bayesian,0.327221928098636,0.328739789193531,0.317260894170911
no_sampling,var_threshold,robust_scaler,pca,bayesian,0.30257226199947,0.328849159292098,0.149166878872761
no_sampling,var_threshold,robust_scaler,umap,bayesian,0.266510538641686,0.334265265041378,0.264437012263099
no_sampling,var_threshold,standard_scaler,no_dim_reduction,bayesian,0.347093003614743,0.346267490423962,0.345002164683988
no_sampling,var_threshold,standard_scaler,pca,bayesian,0.355035902208833,0.368497050875734,0.315513121575413
no_sampling,var_threshold,standard_scaler,umap,bayesian,0.200610221205187,0.333333333333333,0.25047619047619
no_sampling,var_threshold,log2_transform,no_dim_reduction,bayesian,0.360553536964827,0.362946957963902,0.355753142108104
no_sampling,var_threshold,log2_transform,pca,bayesian,0.367466124661247,0.363789564896911,0.337787142196413
no_sampling,var_threshold,log2_transform,umap,bayesian,0.200610221205187,0.333333333333333,0.25047619047619
no_sampling,select_univariate,no_norm,no_dim_reduction,bayesian,0.37719298245614,0.347247601242951,0.214718666210704
no_sampling,select_univariate,no_norm,pca,bayesian,0.349081642612629,0.349789488935685,0.175915550250643
no_sampling,select_univariate,no_norm,umap,bayesian,0.200610221205187,0.333333333333333,0.25047619047619
no_sampling,select_univariate,min_max_norm,no_dim_reduction,bayesian,0.37719298245614,0.347247601242951,0.214718666210704
no_sampling,select_univariate,min_max_norm,pca,bayesian,0.383401865782651,0.340337591382058,0.248590303437465
no_sampling,select_univariate,min_max_norm,umap,bayesian,0.263818912011683,0.340266905241184,0.278400524418224
no_sampling,select_univariate,robust_scaler,no_dim_reduction,bayesian,0.360028449502134,0.342345640458637,0.208868198503063
no_sampling,select_univariate,robust_scaler,pca,bayesian,0.255399427530575,0.329363304257064,0.256352004178091
no_sampling,select_univariate,robust_scaler,umap,bayesian,0.280486874236874,0.342634011779617,0.283894027899588
no_sampling,select_univariate,standard_scaler,no_dim_reduction,bayesian,0.37719298245614,0.347247601242951,0.214718666210704
no_sampling,select_univariate,standard_scaler,pca,bayesian,0.354917505892436,0.328286483543844,0.2243897582345
no_sampling,select_univariate,standard_scaler,umap,bayesian,0.200610221205187,0.333333333333333,0.25047619047619
no_sampling,select_univariate,log2_transform,no_dim_reduction,bayesian,0.404971690381357,0.388414717346871,0.390644726899356
no_sampling,select_univariate,log2_transform,pca,bayesian,0.375290601296279,0.357077194892592,0.349262206955648
no_sampling,select_univariate,log2_transform,umap,bayesian,0.200610221205187,0.333333333333333,0.25047619047619
no_sampling,select_l1,no_norm,no_dim_reduction,bayesian,0.36837534282356,0.371912140995289,0.358602910992654
no_sampling,select_l1,no_norm,pca,bayesian,0.409392207357159,0.38465745003791,0.25813052607424
no_sampling,select_l1,no_norm,umap,bayesian,0.200610221205187,0.333333333333333,0.25047619047619
no_sampling,select_l1,min_max_norm,no_dim_reduction,bayesian,0.368851283803822,0.37130234115312,0.359115393478511
no_sampling,select_l1,min_max_norm,pca,bayesian,0.35,0.363251857884986,0.341705959756566
no_sampling,select_l1,min_max_norm,umap,bayesian,0.200610221205187,0.333333333333333,0.25047619047619
no_sampling,select_l1,robust_scaler,no_dim_reduction,bayesian,0.35979459583874,0.367880920931397,0.340491872620702
no_sampling,select_l1,robust_scaler,pca,bayesian,0.386507936507936,0.340040428252512,0.159984689769227
no_sampling,select_l1,robust_scaler,umap,bayesian,0.266510538641686,0.334265265041378,0.264437012263099
no_sampling,select_l1,standard_scaler,no_dim_reduction,bayesian,0.368851283803822,0.37130234115312,0.359115393478511
no_sampling,select_l1,standard_scaler,pca,bayesian,0.337953899892523,0.336755808572084,0.315493217852145
no_sampling,select_l1,standard_scaler,umap,bayesian,0.200610221205187,0.333333333333333,0.25047619047619
no_sampling,select_l1,log2_transform,no_dim_reduction,bayesian,0.394412297200471,0.400919482507114,0.386294679445364
no_sampling,select_l1,log2_transform,pca,bayesian,0.391666666666667,0.385828870611305,0.381104853237518
no_sampling,select_l1,log2_transform,umap,bayesian,0.306858669833729,0.340184613913002,0.276835074936887
oversampling,no_selection,no_norm,no_dim_reduction,bayesian,0.69609660160058,0.596589240158794,0.586888149656646
oversampling,no_selection,no_norm,pca,bayesian,0.416836339974014,0.39324866673948,0.33981835016967
oversampling,no_selection,no_norm,umap,bayesian,0.335056689342404,0.340495501125422,0.315338676096297
oversampling,no_selection,min_max_norm,no_dim_reduction,bayesian,0.87986097333163,0.877831412214614,0.878442911824821
oversampling,no_selection,min_max_norm,pca,bayesian,0.537953795379538,0.522336885066544,0.508721462910081
oversampling,no_selection,min_max_norm,umap,bayesian,0.409889454612174,0.404859827956941,0.383779413911544
oversampling,no_selection,robust_scaler,no_dim_reduction,bayesian,0.668162749602534,0.578314347343219,0.561562537618876
oversampling,no_selection,robust_scaler,pca,bayesian,0.354333333333333,0.332117043928068,0.191236786458809
oversampling,no_selection,robust_scaler,umap,bayesian,0.421365078118279,0.404158414132167,0.381805688658889
oversampling,no_selection,standard_scaler,no_dim_reduction,bayesian,0.885309786696828,0.883261626831181,0.884034147600623
oversampling,no_selection,standard_scaler,pca,bayesian,0.544993570721659,0.531692622506271,0.522150121484442
oversampling,no_selection,standard_scaler,umap,bayesian,0.482062883509587,0.472789324757829,0.452481368091533
oversampling,no_selection,log2_transform,no_dim_reduction,bayesian,0.888822815459963,0.885351643356893,0.886114390050637
oversampling,no_selection,log2_transform,pca,bayesian,0.566384612226465,0.566221339449686,0.557027934750087
oversampling,no_selection,log2_transform,umap,bayesian,0.434115821670562,0.419064546361134,0.421020394698534
oversampling,var_threshold,no_norm,no_dim_reduction,bayesian,0.720757278538684,0.664029721510036,0.666795593997944
oversampling,var_threshold,no_norm,pca,bayesian,0.416836339974014,0.39324866673948,0.33981835016967
oversampling,var_threshold,no_norm,umap,bayesian,0.400553491857524,0.381698196133892,0.374216202299903
oversampling,var_threshold,min_max_norm,no_dim_reduction,bayesian,0.729874846065068,0.688889864742883,0.691665349560086
oversampling,var_threshold,min_max_norm,pca,bayesian,0.498311668808186,0.497206017415991,0.477048818548533
oversampling,var_threshold,min_max_norm,umap,bayesian,0.374065774457931,0.371046637188369,0.353655031490083
oversampling,var_threshold,robust_scaler,no_dim_reduction,bayesian,0.636377774422896,0.561849025628553,0.543655350118198
oversampling,var_threshold,robust_scaler,pca,bayesian,0.312667892955438,0.335217144403496,0.192599358020772
oversampling,var_threshold,robust_scaler,umap,bayesian,0.414881310828845,0.407214075718013,0.404156512118018
oversampling,var_threshold,standard_scaler,no_dim_reduction,bayesian,0.730527347649266,0.690176866029884,0.692900909991777
oversampling,var_threshold,standard_scaler,pca,bayesian,0.485738663571221,0.478479529398165,0.455260826617329
oversampling,var_threshold,standard_scaler,umap,bayesian,0.412764583074558,0.395478493116288,0.367742222857826
oversampling,var_threshold,log2_transform,no_dim_reduction,bayesian,0.695599477945987,0.664061249100619,0.66712617878302
oversampling,var_threshold,log2_transform,pca,bayesian,0.578395312314196,0.580450829532194,0.57149500430891
oversampling,var_threshold,log2_transform,umap,bayesian,0.402571976935448,0.397318390756711,0.393441127672972
oversampling,select_univariate,no_norm,no_dim_reduction,bayesian,0.452465114043788,0.371006026649071,0.282213142134436
oversampling,select_univariate,no_norm,pca,bayesian,0.384522715374726,0.343792836706223,0.226089068345992
oversampling,select_univariate,no_norm,umap,bayesian,0.375235662591984,0.381187599297836,0.350480349918918
oversampling,select_univariate,min_max_norm,no_dim_reduction,bayesian,0.452465114043788,0.371006026649071,0.282213142134436
oversampling,select_univariate,min_max_norm,pca,bayesian,0.444293504687439,0.355536676534052,0.256703077581815
oversampling,select_univariate,min_max_norm,umap,bayesian,0.401688675261876,0.389453833285854,0.371706591872649
oversampling,select_univariate,robust_scaler,no_dim_reduction,bayesian,0.437935326041053,0.365989986987362,0.277662079278031
oversampling,select_univariate,robust_scaler,pca,bayesian,0.316569642087107,0.335831331894324,0.175418506808067
oversampling,select_univariate,robust_scaler,umap,bayesian,0.396817654503269,0.390818264834013,0.373725587426138
oversampling,select_univariate,standard_scaler,no_dim_reduction,bayesian,0.452465114043788,0.371006026649071,0.282213142134436
oversampling,select_univariate,standard_scaler,pca,bayesian,0.357491024383613,0.369851366176825,0.286195839675292
oversampling,select_univariate,standard_scaler,umap,bayesian,0.23388712147991,0.357142857142857,0.282508782934514
oversampling,select_univariate,log2_transform,no_dim_reduction,bayesian,0.463718551286459,0.454637502144064,0.452050890688269
oversampling,select_univariate,log2_transform,pca,bayesian,0.463521132009072,0.446795351782228,0.436253407739576
oversampling,select_univariate,log2_transform,umap,bayesian,0.424804296055269,0.42421900715864,0.42147767384959
oversampling,select_l1,no_norm,no_dim_reduction,bayesian,0.675711926546165,0.668115734782402,0.661830636096555
oversampling,select_l1,no_norm,pca,bayesian,0.417881241565452,0.395667133199942,0.341989678868078
oversampling,select_l1,no_norm,umap,bayesian,0.377325876743531,0.378806590617614,0.349345497093646
oversampling,select_l1,min_max_norm,no_dim_reduction,bayesian,0.677993857102678,0.670584870584871,0.664294005146289
oversampling,select_l1,min_max_norm,pca,bayesian,0.54337984438671,0.555355017559742,0.538243131370621
oversampling,select_l1,min_max_norm,umap,bayesian,0.373272050529429,0.371805138471805,0.362236166821982
oversampling,select_l1,robust_scaler,no_dim_reduction,bayesian,0.643210590579012,0.62010720882112,0.604242725382374
oversampling,select_l1,robust_scaler,pca,bayesian,0.325476932205904,0.325656702822057,0.186337258917904
oversampling,select_l1,robust_scaler,umap,bayesian,0.394491519683701,0.388933590508394,0.358611976955474
oversampling,select_l1,standard_scaler,no_dim_reduction,bayesian,0.677993857102678,0.670584870584871,0.664294005146289
oversampling,select_l1,standard_scaler,pca,bayesian,0.510601418535016,0.513605056124741,0.488911409344133
oversampling,select_l1,standard_scaler,umap,bayesian,0.39700472979579,0.389089351819011,0.372415109656765
oversampling,select_l1,log2_transform,no_dim_reduction,bayesian,0.606575591014115,0.60689553445459,0.606574971851636
oversampling,select_l1,log2_transform,pca,bayesian,0.667968215638411,0.666606051120487,0.663927655921001
oversampling,select_l1,log2_transform,umap,bayesian,0.445948321490242,0.444909176142772,0.441652812493361
undersampling,no_selection,no_norm,no_dim_reduction,bayesian,0.361993572519888,0.354216389752248,0.331316445836544
undersampling,no_selection,no_norm,pca,bayesian,0.288117081695063,0.335565276338846,0.249355584930601
undersampling,no_selection,no_norm,umap,bayesian,0.142276422764228,0.333333333333333,0.199430199430199
undersampling,no_selection,min_max_norm,no_dim_reduction,bayesian,0.338183421516755,0.333608329176419,0.293628003378103
undersampling,no_selection,min_max_norm,pca,bayesian,0.396279461279461,0.405728866889221,0.392792728228282
undersampling,no_selection,min_max_norm,umap,bayesian,0.142276422764228,0.333333333333333,0.199430199430199
undersampling,no_selection,robust_scaler,no_dim_reduction,bayesian,0.406493220018098,0.392202269035468,0.390293229302517
undersampling,no_selection,robust_scaler,pca,bayesian,0.324382716049383,0.328311141808321,0.205260704790995
undersampling,no_selection,robust_scaler,umap,bayesian,0.246017699115044,0.341682974559687,0.242406523080921
undersampling,no_selection,standard_scaler,no_dim_reduction,bayesian,0.294088669950739,0.303253904301447,0.275256095893243
undersampling,no_selection,standard_scaler,pca,bayesian,0.394115248438557,0.404001509279511,0.392425969774036
undersampling,no_selection,standard_scaler,umap,bayesian,0.27787610619469,0.350326797385621,0.257987732307974
undersampling,no_selection,log2_transform,no_dim_reduction,bayesian,0.308829365079365,0.314345190130847,0.29473536036036
undersampling,no_selection,log2_transform,pca,bayesian,0.392195068464877,0.396443600271159,0.381812823192134
undersampling,no_selection,log2_transform,umap,bayesian,0.270863883729266,0.364705882352941,0.298112300552813
undersampling,var_threshold,no_norm,no_dim_reduction,bayesian,0.355297410396457,0.357895578322653,0.346633879781421
undersampling,var_threshold,no_norm,pca,bayesian,0.288117081695063,0.335565276338846,0.249355584930601
undersampling,var_threshold,no_norm,umap,bayesian,0.206362378976487,0.325536881419234,0.203737429725236
undersampling,var_threshold,min_max_norm,no_dim_reduction,bayesian,0.376971440750213,0.374273179591471,0.367686066001907
undersampling,var_threshold,min_max_norm,pca,bayesian,0.387735836259127,0.395100597316552,0.382983271872161
undersampling,var_threshold,min_max_norm,umap,bayesian,0.246195652173913,0.333942161339422,0.23247805914249
undersampling,var_threshold,robust_scaler,no_dim_reduction,bayesian,0.377344877344877,0.375048923679061,0.368579931972789
undersampling,var_threshold,robust_scaler,pca,bayesian,0.324382716049383,0.328311141808321,0.205260704790995
undersampling,var_threshold,robust_scaler,umap,bayesian,0.244067796610169,0.33750815394651,0.223509875278239
undersampling,var_threshold,standard_scaler,no_dim_reduction,bayesian,0.391824912163293,0.382013992811737,0.376306878850689
undersampling,var_threshold,standard_scaler,pca,bayesian,0.423533681765389,0.431692951153064,0.422911791247954
undersampling,var_threshold,standard_scaler,umap,bayesian,0.257352941176471,0.312055689855851,0.224495628983843
undersampling,var_threshold,log2_transform,no_dim_reduction,bayesian,0.36750114169469,0.357399946279882,0.348018648018648
undersampling,var_threshold,log2_transform,pca,bayesian,0.376274703609822,0.374779683562923,0.36692364794415
undersampling,var_threshold,log2_transform,umap,bayesian,0.375127575127575,0.360676873489122,0.323791278963693
undersampling,select_univariate,no_norm,no_dim_reduction,bayesian,0.394511352844686,0.347761022217106,0.287516181294557
undersampling,select_univariate,no_norm,pca,bayesian,0.623325453112687,0.346200580688896,0.248488243782361
undersampling,select_univariate,no_norm,umap,bayesian,0.288637725832691,0.362122200478365,0.259436682191173
undersampling,select_univariate,min_max_norm,no_dim_reduction,bayesian,0.394511352844686,0.347761022217106,0.287516181294557
undersampling,select_univariate,min_max_norm,pca,bayesian,0.286675941129964,0.298227875625136,0.203318478537186
undersampling,select_univariate,min_max_norm,umap,bayesian,0.142276422764228,0.333333333333333,0.199430199430199
undersampling,select_univariate,robust_scaler,no_dim_reduction,bayesian,0.394511352844686,0.347761022217106,0.287516181294557
undersampling,select_univariate,robust_scaler,pca,bayesian,0.371394799054373,0.340794034508781,0.177585271335704
undersampling,select_univariate,robust_scaler,umap,bayesian,0.339157514382161,0.322813143522249,0.295453489237673
undersampling,select_univariate,standard_scaler,no_dim_reduction,bayesian,0.394511352844686,0.347761022217106,0.287516181294557
undersampling,select_univariate,standard_scaler,pca,bayesian,0.36448778138919,0.339740096952023,0.27092866857525
undersampling,select_univariate,standard_scaler,umap,bayesian,0.334743034743035,0.338572963431948,0.280679321036642
undersampling,select_univariate,log2_transform,no_dim_reduction,bayesian,0.363077866598993,0.35001279050433,0.315331088664422
undersampling,select_univariate,log2_transform,pca,bayesian,0.328401360544218,0.309956768095366,0.296365728177471
undersampling,select_univariate,log2_transform,umap,bayesian,0.38531746031746,0.36642620518527,0.329975791807853
undersampling,select_l1,no_norm,no_dim_reduction,bayesian,0.354908196211149,0.353597329342696,0.350735155722368
undersampling,select_l1,no_norm,pca,bayesian,0.316116231438812,0.348543801082077,0.266913310283011
undersampling,select_l1,no_norm,umap,bayesian,0.207745504840941,0.328711484593838,0.205664211998839
undersampling,select_l1,min_max_norm,no_dim_reduction,bayesian,0.341034763101111,0.342346162209176,0.338373290403051
undersampling,select_l1,min_max_norm,pca,bayesian,0.467743472460454,0.450020464806927,0.447208558532647
undersampling,select_l1,min_max_norm,umap,bayesian,0.23879587349907,0.331279178338002,0.245440762399827
undersampling,select_l1,robust_scaler,no_dim_reduction,bayesian,0.349477416946622,0.351758694345318,0.34492969248734
undersampling,select_l1,robust_scaler,pca,bayesian,0.352592592592593,0.338786564854252,0.195477073326508
undersampling,select_l1,robust_scaler,umap,bayesian,0.244195003851656,0.332550554468363,0.226274024127334
undersampling,select_l1,standard_scaler,no_dim_reduction,bayesian,0.341034763101111,0.342346162209176,0.338373290403051
undersampling,select_l1,standard_scaler,pca,bayesian,0.399348659003831,0.397847358121331,0.378063747281337
undersampling,select_l1,standard_scaler,umap,bayesian,0.258706467661692,0.356069094304388,0.282395357356315
undersampling,select_l1,log2_transform,no_dim_reduction,bayesian,0.415043464459258,0.414650883184324,0.411998204381081
undersampling,select_l1,log2_transform,pca,bayesian,0.356498409896468,0.351270097079928,0.346046355512467
undersampling,select_l1,log2_transform,umap,bayesian,0.359217171717172,0.369320696315056,0.330975063133352
